time	pelvis_tilt	pelvis_list	pelvis_rotation	pelvis_tx	pelvis_ty	pelvis_tz	hip_flexion_r	hip_adduction_r	hip_rotation_r	knee_angle_r	ankle_angle_r	subtalar_angle_r	mtp_angle_r	hip_flexion_l	hip_adduction_l	hip_rotation_l	knee_angle_l	ankle_angle_l	subtalar_angle_l	mtp_angle_l	L5_S1_Flex_Ext	L5_S1_Lat_Bending	L5_S1_axial_rotation	neck_flexion	neck_bending	neck_rotation	arm_flex_r	arm_add_r	arm_rot_r	elbow_flex_r	pro_sup_r	wrist_flex_r	wrist_dev_r	arm_flex_l	arm_add_l	arm_rot_l	elbow_flex_l	pro_sup_l	wrist_flex_l	wrist_dev_l
0.15000000	-0.57532907	1.67299551	0.29667549	-1.32054793	-0.05821134	0.96814321	0.00130621	-0.02498958	-0.02442087	0.73717944	0.16969991	-0.34906585	-0.52359878	0.42348665	0.25242777	0.44868211	0.54412682	1.04719755	0.34906585	0.23382910	-0.27031425	-0.29101398	0.17002761	0.01823753	0.06696613	0.04710668	-0.19005940	-0.42555752	-0.41601089	1.31629749	1.47201335	0.00000000	0.00000000	-0.15828831	-0.51035758	-0.18336229	0.66502798	1.51848330	0.00000000	0.00000000
0.16666667	-0.94492203	1.63984292	0.67619276	-1.31697346	-0.06505602	0.97087186	-0.01319444	0.02732201	-0.06358357	0.67966633	0.06570723	-0.34628046	-0.48968002	0.41501122	0.05679187	-0.06544808	0.43861751	0.17681021	-0.34906585	0.45614570	-0.27233989	-0.27304699	0.14597711	-0.03315434	0.07467597	0.05524890	-0.15125657	-0.44737857	-0.36826530	1.34827534	1.45722346	0.00000000	0.00000000	-0.14934003	-0.52791112	-0.18554605	0.64977987	1.50833954	0.00000000	0.00000000
0.18333333	-1.35744626	1.67114536	0.97544706	-1.30505261	-0.07645973	0.97620959	-0.06440067	0.02066549	0.03964917	0.64768268	0.15316280	-0.34906585	-0.16205735	0.33109623	-0.07226100	-0.44251166	0.27147399	-0.03342652	-0.11164033	0.52359878	-0.26394808	-0.31154382	0.27125397	-0.15384913	0.09011758	0.07662050	-0.21145448	-0.46277895	-0.46183874	1.38944647	1.42131410	0.00000000	0.00000000	-0.16605315	-0.52531157	-0.19425232	0.66538934	1.49116551	0.00000000	0.00000000
0.20000000	-1.25824860	1.63278968	0.91657221	-1.29029475	-0.08204854	0.97255115	-0.02997992	0.07366759	0.07510334	0.72505296	0.37220619	-0.30952637	-0.26995109	0.36181058	-0.08282446	-0.37171334	0.21708699	-0.09377921	-0.12297597	0.52359878	-0.21825963	-0.31719416	0.23814168	-0.14844405	0.08093253	0.05189656	-0.20170207	-0.48860834	-0.44524037	1.45330356	1.40117566	0.00000000	0.00000000	-0.18888526	-0.56138465	-0.18752756	0.67480822	1.47793642	0.00000000	0.00000000
0.21666667	-1.19354734	1.63334411	0.89008524	-1.28168680	-0.08604710	0.97502643	-0.00104693	0.08403235	0.05345159	0.80129995	0.45054354	-0.30781228	-0.48259824	0.37329483	-0.05984123	-0.24131781	0.26249257	-0.05158039	-0.17761631	0.51727565	-0.23010114	-0.35323294	0.18635819	-0.16839911	0.08855644	0.04319262	-0.15081880	-0.48867605	-0.42658200	1.49287921	1.38477064	0.00000000	0.00000000	-0.19299951	-0.59913085	-0.20069331	0.70156768	1.46513194	0.00000000	0.00000000
0.23333333	-1.22374107	1.72236365	0.82933564	-1.28551140	-0.09364531	0.97036960	0.01087703	0.00581825	0.10987934	0.96546315	0.59857258	-0.10726050	-0.52359878	0.40129575	-0.05427468	-0.30109048	0.50889766	0.12693827	-0.24265405	0.52212255	-0.34817527	-0.44300097	0.18681986	0.13165500	0.07940691	0.25266245	-0.38228150	-0.59824838	-0.68708920	0.00000000	1.38731371	0.00000000	0.00000000	-0.23214177	-0.63763417	-0.19122295	0.76857020	1.45126662	0.00000000	0.00000000
0.25000000	-2.01518425	1.81094513	1.55079711	-1.27103139	-0.08830249	0.98583449	-0.11478334	0.01987706	0.05891559	0.96117389	0.53924463	0.30857277	-0.52359878	0.37775860	-0.18770011	-0.23851348	0.74695990	0.22431861	-0.33012884	0.52359878	-0.45055586	-0.40155855	0.32163127	0.22209047	0.29429787	0.15438078	-0.31752061	-0.65738629	-0.56679967	0.37084764	1.28287330	0.00000000	0.00000000	-0.18227957	-0.58898897	-0.21366773	0.81063235	1.42616505	0.00000000	0.00000000
0.26666667	-1.31674257	1.60966927	0.85140050	-1.24484927	-0.10415975	0.96570362	0.15309982	-0.00484258	0.06412860	1.06683161	0.45204525	0.31154497	-0.52359878	0.60404795	-0.21140870	-0.33246290	0.79798393	0.42522448	-0.33201136	0.52359878	-0.14814903	-0.46920672	0.26954480	0.10478535	0.38155728	0.13058999	-0.30226688	-0.56487057	-0.64483912	1.22543037	1.22484941	0.00000000	0.00000000	-0.34541644	-0.67389648	-0.21624413	0.75548315	1.40828923	0.00000000	0.00000000
0.28333333	-2.18329055	1.76631484	1.71632327	-1.23882420	-0.09436493	0.97406158	0.03623288	0.00348693	0.01310228	1.13152265	0.40647299	0.34906585	-0.52359878	0.43381752	-0.23168522	-0.29174529	0.87926795	0.50135678	-0.34906585	0.52359878	-0.35109160	-0.40719418	0.30679312	0.14381780	0.25828564	0.19659657	-0.30933361	-0.65205978	-0.71497918	1.62421436	1.09686026	0.00000000	0.00000000	-0.21949865	-0.62811651	-0.18800813	0.76226952	1.38724617	0.00000000	0.00000000
0.30000000	-2.24867939	1.78972064	1.80879828	-1.23084999	-0.09567979	0.97425258	0.07153039	-0.01292528	-0.03954802	1.20436400	0.41793644	0.34906585	-0.52359878	0.43109326	-0.23230212	-0.22583482	0.91826381	0.44743470	-0.34906585	0.52359878	-0.34015679	-0.40178081	0.26002228	0.02758935	0.19158161	0.08365211	-0.15172583	-0.73534091	-0.57520976	1.68708928	1.01299853	0.00000000	0.00000000	-0.20146397	-0.66305881	-0.10687756	0.67426997	1.37702082	0.00000000	0.00000000
0.31666667	-2.18312134	1.78194613	1.75797583	-1.22339385	-0.07915736	0.97940177	0.14652888	-0.13198994	-0.11842982	1.25111276	0.14009843	-0.34906585	-0.51339340	0.35908143	0.25844026	0.46316850	1.07530238	1.04719755	0.34906585	-0.52359878	-0.33331751	-0.41157694	0.21562231	-0.12947828	0.16361755	0.07063801	-0.05323311	-0.79269709	-0.51198194	1.66841742	0.96331777	0.00000000	0.00000000	-0.16315358	-0.62614737	-0.10213161	0.57981968	1.36307164	0.00000000	0.00000000
0.33333333	-2.21077385	1.79335602	1.82268202	-1.21241416	-0.08550758	0.97753310	0.19392624	-0.12408614	-0.12014911	1.25224565	0.06743845	-0.34906585	-0.45431157	0.28790184	0.07519349	0.29142519	0.94824100	0.78200670	0.34906585	-0.52359878	-0.33268987	-0.42198815	0.12608959	-0.13483231	0.18650611	0.10766101	-0.02638216	-0.77469627	-0.53206421	1.66857624	0.90249489	0.00000000	0.00000000	-0.21180773	-0.68075794	-0.08744670	0.56769505	1.34953552	0.00000000	0.00000000
0.35000000	-2.39436167	2.27721959	1.11684061	-1.22407582	-0.08861953	1.00865702	0.28908761	-0.78329881	0.36690617	1.24417913	0.88081168	-0.34906585	0.52359878	-0.54176312	0.52359878	0.69813170	0.31443924	1.04719755	0.34906585	0.52359878	-0.44378296	-0.59024373	1.01362408	-0.18225634	0.07993201	0.08021752	-0.21472750	-0.98731099	-0.75717824	1.63349747	0.79125003	0.00000000	0.00000000	-0.19769157	-0.42196513	-0.18245738	0.50382296	1.29747914	0.00000000	0.00000000
0.36666667	-2.97011537	2.20908840	1.38744756	-1.22081861	-0.11441811	1.02812053	0.36553313	-0.62159468	-0.16272136	1.39819102	0.56047197	0.09206750	0.51141932	-0.50344807	0.52359878	0.69813170	0.00000000	0.55482719	0.34906585	0.52359878	-0.26965813	-0.23514363	1.35899723	-0.50000000	0.04946703	0.08324790	-0.32315040	-0.91025424	-0.68892563	1.65510828	0.65871962	0.00000000	0.00000000	-0.27738221	-0.43833900	-0.19809897	0.42638745	1.23641199	0.00000000	0.00000000
0.38333333	-2.76385348	2.27473807	1.18409097	-1.27454243	-0.12649208	1.03078563	0.53164047	-0.81504604	-0.17608359	1.58160964	-0.52606546	0.34906585	0.52359878	-0.60469993	0.52359878	0.69813170	0.00000000	0.72196215	0.34906585	0.52359878	-0.25884749	-0.53874953	1.36259915	-0.19449652	0.08173754	0.08567578	-0.19569178	-0.88344959	-0.69461301	1.70049203	0.57612883	0.00000000	0.00000000	-0.14643575	-0.54948125	-0.17972072	0.49737827	1.16996110	0.00000000	0.00000000
0.40000000	-2.25057972	2.03504719	1.31560173	-1.21853614	-0.11775932	1.00837388	0.25075401	-0.88182960	-0.74967066	1.36643089	-0.63619903	0.34906585	0.52359878	-0.37877222	0.26204669	0.69813170	0.30314171	1.04719755	0.34906585	0.52359878	-0.29760587	-0.64665621	0.70207633	-0.05097398	0.14177827	0.05444998	-0.25655254	-0.76690187	-0.82497178	1.78971168	0.48399483	0.00000000	0.00000000	-0.07741091	-0.66088196	-0.11550447	0.55141150	1.10379546	0.00000000	0.00000000
0.41666667	-2.26588773	1.89773786	1.43540418	-1.22142519	-0.13126279	0.98572653	0.14362043	-0.97761047	-1.22173048	1.42616813	-1.04719755	0.34906585	0.52359878	-0.03024995	-0.13827163	-0.51503548	0.71316951	0.43034946	-0.29956872	0.52142552	-0.20452627	-0.63359331	0.57956068	0.02097575	0.14798973	0.04797179	-0.26016157	-0.75430533	-0.84992213	1.79150759	0.37376480	0.00000000	0.00000000	-0.10260391	-0.77642272	-0.06474811	0.61895717	1.03215165	0.00000000	0.00000000
0.43333333	-2.35749746	1.87980257	1.49816214	-1.22143856	-0.14463441	0.98025674	0.21595637	-0.94396440	-1.22173048	1.43483811	-1.04719755	0.34906585	0.52359878	-0.07608891	-0.26154136	-0.69350737	0.57742547	0.11428203	-0.34906585	0.52359878	-0.13928497	-0.62923707	0.61812372	0.07743699	0.16186750	0.06836872	-0.20550798	-0.77923205	-0.82796550	1.79305008	0.28386758	0.00000000	0.00000000	-0.10749975	-0.83696633	-0.00564561	0.63259700	0.96338335	0.00000000	0.00000000
0.45000000	-2.39288929	1.87120992	1.53974920	-1.21444325	-0.15104537	0.97764359	0.26485588	-0.95187430	-1.22173048	1.44297829	-1.04719755	0.31693390	0.52359878	-0.09266259	-0.29501457	-0.72510694	0.53180886	0.04614567	-0.32348396	0.52359878	-0.11250494	-0.63627239	0.61794663	0.08422558	0.18065506	0.07676857	-0.20515367	-0.78665489	-0.85170308	1.79729455	0.16748351	0.00000000	0.00000000	-0.11303673	-0.86695754	0.01944664	0.63311738	0.88238749	0.00000000	0.00000000
0.46666667	-2.44569825	1.85794396	1.58517252	-1.20632793	-0.16008003	0.97804315	0.30063991	-0.95732420	-1.22173048	1.44158898	-1.04719755	0.28350018	0.52359878	-0.08680329	-0.32559505	-0.75256991	0.58451936	0.12594322	-0.29788884	0.51814820	-0.04893015	-0.63772173	0.64225610	0.05277017	0.20942734	0.09807538	-0.20389646	-0.76300067	-0.86190948	1.78211447	0.08193251	0.00000000	0.00000000	-0.12818840	-0.91526996	0.08689785	0.63954409	0.80965670	0.00000000	0.00000000
0.48333333	-2.45132836	1.87956192	1.60589169	-1.19693145	-0.16116348	0.97974171	0.31272409	-0.98559846	-1.22173048	1.43823420	-1.04719755	0.25836450	0.52359878	-0.09219649	-0.31160617	-0.69723931	0.65764442	0.20988283	-0.30770234	0.49823100	-0.05203314	-0.64326498	0.64801713	0.01097675	0.23645242	0.14973679	-0.21123062	-0.77751406	-0.86619382	1.77436290	0.00000000	0.00000000	0.00000000	-0.10133222	-0.92369004	0.10570964	0.64209471	0.72128724	0.00000000	0.00000000
0.50000000	-2.66046172	1.85154553	1.81510667	-1.18979699	-0.16084884	0.98014205	0.39026851	-0.92838650	-1.22173048	1.37365674	-1.04719755	0.30382076	0.52359878	-0.02499911	-0.35061856	-0.63261471	0.73415877	0.36641549	-0.24955842	0.47982735	-0.03196856	-0.61118784	0.62844778	0.18510533	0.32994411	0.25550183	-0.27236232	-0.77898805	-0.92634655	1.78550560	0.00000000	0.00000000	0.00000000	-0.10788591	-0.94244616	0.16024776	0.63671484	0.66828669	0.00000000	0.00000000
0.51666667	-2.67841167	1.87219560	1.83921137	-1.17853461	-0.16792121	0.98140373	0.39715743	-0.92881231	-1.22173048	1.36437102	-1.01806088	0.34906585	0.52359878	-0.02960142	-0.36116792	-0.60502407	0.83408556	0.42685873	-0.23728450	0.46931564	-0.01743507	-0.60812982	0.64889300	0.12713762	0.32424207	0.22996802	-0.30830006	-0.76659564	-0.96185591	1.78037588	0.00000000	0.00000000	0.00000000	-0.10927005	-0.98010231	0.19056042	0.65141555	0.64350819	0.00000000	0.00000000
0.53333333	-2.56198500	2.08123127	2.15827418	-1.15012830	-0.10501078	0.99685424	0.15895761	-0.56475257	-0.90476931	0.99987916	-0.17575735	0.34906585	0.50542537	-0.01315994	-0.32450067	-0.03200748	0.89952399	0.42653630	-0.34906585	0.52359878	-0.48628392	-0.42768936	0.20598807	-0.04907424	0.24079121	0.09814008	-0.30519801	-0.81845130	-1.00741169	1.72977797	0.00175979	0.00000000	0.00000000	0.06777821	-0.85217313	0.24219024	0.54981050	0.60996168	0.00000000	0.00000000
0.55000000	-4.31550557	1.93545665	3.48211303	-1.07972357	-0.16225720	0.97525707	0.74822526	-0.58934046	-1.22173048	1.08512797	-0.96829979	0.34906585	0.52359878	0.39226051	-0.47338112	-0.40242564	0.82693279	0.52960894	-0.31421006	0.36197642	1.18706356	0.26009229	0.38840337	0.50000000	0.56701377	-0.60072856	0.57594522	-0.82913975	0.78046408	0.80201037	0.05293483	0.00000000	0.00000000	-0.31648643	-0.70892865	-0.46404836	0.00000000	0.89550945	0.00000000	0.00000000
0.56666667	-4.40348920	2.38265995	4.03624919	-1.04123511	-0.13167684	0.93313980	0.99982158	-0.29114019	-0.84377734	0.63852304	0.12504949	0.34906585	0.50166138	1.07828755	-0.38878417	0.29827724	0.90006422	0.46431082	-0.34906585	0.52359878	1.31720698	-0.18100279	-0.04920195	0.50000000	0.70831034	-0.74689824	0.03590064	-1.07460381	0.02306979	1.34033468	0.03568525	0.00000000	0.00000000	-0.65373071	-0.81978029	0.26245144	0.43626400	1.07095033	0.00000000	0.00000000
0.58333333	-7.74515884	1.45724238	7.06922360	-1.09229695	-0.18286369	0.95591217	0.78571216	-0.94638353	-1.22173048	1.17968058	-1.02523704	0.34906585	0.52359878	0.36062213	-0.24696735	-0.38127917	0.87229039	0.48980653	-0.22709787	0.52359878	0.68182119	-0.55349477	0.57170405	0.50000000	0.84674118	-0.55749133	-0.09940431	-0.79905648	-0.53917076	1.54648360	0.02589528	0.00000000	0.00000000	-0.67028399	-1.08445720	-0.14744893	0.70432534	1.51888063	0.00000000	0.00000000
0.60000000	-8.94229855	2.06796565	8.62283442	-1.11162042	-0.11666046	0.98835753	0.19376077	-0.53344612	-0.98316922	0.81560583	-0.30133271	0.34906585	0.52359878	0.06219550	-0.40446210	-0.00323814	0.94422272	0.44279216	-0.27596291	0.50092489	-0.35943507	-0.43125277	0.18208774	0.08533078	0.38792455	-0.22982080	-0.29990665	-0.84502096	-1.04862550	1.63298793	0.00716556	0.00000000	0.00000000	-0.03515219	-0.92378535	-0.00795997	0.63921014	1.90305982	0.00000000	0.00000000
0.61666667	-9.07254114	2.02914923	8.87532021	-1.08254369	-0.10777822	0.98772721	0.23713145	-0.34806959	-0.48591631	0.55654459	0.01443384	0.34906585	0.52359878	0.22295088	-0.39995873	0.12325204	0.98675538	0.36131614	-0.29416134	0.52359878	-0.35395943	-0.39280172	0.08972825	-0.41354213	0.11109675	-0.03130762	-0.44988858	-0.77478021	-1.22016741	1.71238482	0.00093088	0.00000000	0.00000000	-0.07002340	-0.90959950	-0.10977848	0.67392809	2.07825447	0.00000000	0.00000000
0.63333333	-9.05730484	1.89186805	8.39269937	-1.10288632	-0.15928235	0.99007214	0.48392114	-0.78551459	-1.22173048	1.00046148	-1.03473751	0.34906585	0.52359878	0.00599262	-0.38747761	-0.47277171	0.87933606	0.40860691	-0.13090877	0.48931584	-0.01750288	-0.63242463	0.60119826	-0.41951957	0.10516442	-0.04411790	-0.46533817	-0.75996236	-1.27725229	1.73248603	0.00423343	0.00000000	0.00000000	-0.07588286	-0.99563377	-0.11274776	0.71265791	2.06372917	0.00000000	0.00000000
0.65000000	-8.90985817	1.93990939	8.15909611	-1.11505992	-0.18058564	0.99520845	0.50028139	-0.88558200	-1.22173048	1.16362273	-1.04719755	0.34906585	0.52359878	-0.14486573	-0.39699122	-0.63068050	0.81055706	0.32145168	0.01725632	0.52359878	-0.00897650	-0.69272374	0.73258430	-0.30741745	0.13659277	-0.01427112	-0.46966600	-0.81722192	-1.28757913	1.77893741	0.00321727	0.00000000	0.00000000	-0.11472108	-1.07593908	-0.14863423	0.81892143	2.04218787	0.00000000	0.00000000
0.66666667	-9.06539101	1.98551595	8.48521580	-1.09546130	-0.14994579	0.99305555	0.39843615	-0.70360776	-1.22173048	0.87784538	-0.94242497	0.34906585	0.52359878	-0.03837098	-0.42707208	-0.35256637	0.86370177	0.43727865	-0.07502905	0.48144392	-0.17877041	-0.58706359	0.49234108	-0.22314254	0.14780613	-0.01468098	-0.42125219	-0.86463511	-1.29400615	1.75916306	0.00000178	0.00000000	0.00000000	-0.11437419	-1.00548211	-0.16311999	0.77839379	2.09000000	0.00000000	0.00000000
0.68333333	-9.31338059	2.08428910	9.05339225	-1.05936837	-0.12812099	0.98042865	0.29251088	-0.42426034	-1.08287083	0.53967411	-0.49974908	0.34906585	0.52359878	0.20374530	-0.54368237	0.07083589	0.92043832	0.48095697	-0.14567421	0.50278881	-0.22851487	-0.35113589	0.22081159	-0.20894239	0.21283666	-0.05348128	-0.52334534	-0.82228864	-1.36541208	1.80109919	0.00523904	0.00000000	0.00000000	-0.08198003	-0.96996379	-0.13245920	0.74533280	2.06176416	0.00000000	0.00000000
0.70000000	-9.34179573	2.07413678	9.18984031	-1.04111141	-0.12632408	0.97205686	0.37753410	-0.32146038	-0.38042646	0.50568585	-0.17627091	0.01485018	0.50081329	0.25687153	-0.50590497	0.21045031	0.90421592	0.49680190	-0.19322787	0.46378690	-0.20709536	-0.34251919	0.13262735	-0.09508902	0.22893886	-0.16838095	-0.52436014	-0.84597491	-1.41498396	1.79679636	0.00187616	0.00000000	0.00000000	-0.11426966	-1.02237823	-0.04655500	0.74254093	2.07820675	0.00000000	0.00000000
0.71666667	-9.33508269	2.04656645	9.22789314	-1.03004837	-0.13188198	0.96885364	0.43828130	-0.31607643	-0.07159099	0.59720565	-0.09582334	-0.11198824	0.52359878	0.27166287	-0.49072151	0.22034156	0.90195347	0.51638674	-0.19176425	0.52359878	-0.19009537	-0.38192531	0.10442240	-0.02281952	0.29248081	-0.12274746	-0.49504551	-0.88234614	-1.40695784	1.77632611	0.00840708	0.00000000	0.00000000	-0.08567748	-1.07471316	0.01820204	0.70609049	2.07476830	0.00000000	0.00000000
0.73333333	-10.15624043	2.27323391	10.12590862	-0.97799949	-0.10531951	0.94888345	0.71538628	-0.37588576	-0.37397915	0.42374193	-0.29670697	0.00820262	0.52359878	0.83923591	-0.41732721	0.48702005	0.87210689	0.37978464	-0.29101292	0.52359878	1.27548590	-0.26210779	0.11132178	0.50000000	0.13079608	-0.15627467	0.48629926	-0.94403584	0.39329142	0.88123766	0.02746919	0.00000000	0.00000000	0.03372028	-0.84169336	-0.37043601	0.00000000	2.09000000	0.00000000	0.00000000
0.75000000	-10.45547509	2.53057324	10.39538367	-0.96766920	-0.12948548	0.91034051	1.01877575	-0.45143185	-0.49018744	0.44961283	-0.09835796	0.14250005	0.52359878	1.17476867	-0.39379743	0.51534688	0.84855781	0.39860143	-0.33339313	0.52359878	1.31827067	-0.34319969	-0.02702459	0.50000000	0.19279673	-0.16911122	0.19052467	-1.20436512	-0.07449626	1.43055650	0.04257998	0.00000000	0.00000000	-0.34452064	-0.93038926	-0.36568620	0.29104171	2.09000000	0.00000000	0.00000000
0.76666667	-10.11466150	2.27139804	10.06802712	-0.97551605	-0.09678122	0.96748841	0.62790677	-0.37719860	-0.60425245	0.28941233	-0.41129754	0.12580484	0.52359878	0.80399195	-0.44985010	0.44612436	0.85186900	0.27587189	-0.32427551	0.52359878	1.29887524	-0.23409029	-0.12346904	0.50000000	0.24994618	-0.02263137	0.79916725	-0.59146549	0.69494044	0.62582313	0.04009067	0.00000000	0.00000000	-1.68845696	0.42654101	-1.13469659	0.00000000	2.09000000	0.00000000	0.00000000
0.78333333	-9.62317234	2.14498342	9.56262798	-1.01441798	-0.08743268	0.99943019	0.37624513	-0.34291092	-0.67142868	0.25983314	-0.59683690	0.22729801	0.52359878	0.46247011	-0.50887782	0.34302726	0.84466819	0.19785858	-0.34906585	0.52359878	1.11466335	-0.05212886	0.29586828	0.43408909	-0.04033057	-0.05413824	0.48053800	-0.68045194	0.27552266	0.51045504	0.00000000	0.00000000	0.00000000	-2.08962929	0.42004676	-0.76646929	0.00000000	2.09000000	0.00000000	0.00000000
0.80000000	-9.48440611	2.12535093	9.42675852	-1.02800891	-0.08865235	1.00652296	0.32691520	-0.35649812	-0.68391296	0.26515326	-0.56746519	0.20953013	0.52359878	0.38696864	-0.51173337	0.29811354	0.84717789	0.20037982	-0.34906585	0.52359878	1.03383129	0.01705637	0.59331001	0.39608780	-0.25035236	-0.05548513	0.39366899	-0.75764981	0.70812357	0.39067972	0.00000000	0.00000000	0.00000000	-2.17473922	0.20745987	-0.83949104	0.00000000	2.09000000	0.00000000	0.00000000
0.81666667	-9.84133382	2.22335533	9.82377659	-0.98829630	-0.07420028	1.00790773	0.44277951	-0.31244966	-0.85957246	0.18323722	-0.71306934	0.24788503	0.52359878	0.58179173	-0.52759198	0.35787427	0.72769594	0.14157857	-0.34906585	0.52359878	1.21352516	-0.05445190	0.03759999	0.50000000	-0.05067027	0.43405956	0.82584750	-0.38997302	1.58325056	0.28822801	0.00000000	0.00000000	0.00000000	-1.39206891	-0.07105724	-0.97520617	0.00000000	2.09000000	0.00000000	0.00000000
0.83333333	-10.45526260	2.57282073	10.35447612	-0.94710070	-0.13133011	0.92997317	0.99376097	-0.41458979	-0.91378729	0.31129859	-0.28626353	0.34906585	0.52359878	1.11342512	-0.45614228	0.48225314	0.74123450	0.38223499	-0.34906585	0.52359878	1.39280432	-0.19077267	0.25757857	0.50000000	-0.32731828	0.31711545	0.92414458	-0.89141363	0.89003368	0.71622997	0.00000000	0.00000000	0.00000000	-0.08743078	-0.91810530	-0.65331049	0.00000000	2.09000000	0.00000000	0.00000000
0.85000000	-9.94923838	2.07884883	9.84797359	-1.00516314	-0.15459252	0.96604539	0.71585765	-0.45674082	-0.47720764	0.54858660	-0.03820441	0.34891870	0.51664805	0.53529019	-0.48820549	0.24103005	0.81672667	0.41649938	-0.21811753	0.52359878	0.06418683	-0.50912175	0.19477502	0.38188471	0.45932553	-0.71456114	0.62945329	-1.22126171	-0.21357998	1.34466349	0.00000000	0.00000000	0.00000000	-0.84164851	-0.21726357	-1.48405963	0.00000000	2.09000000	0.00000000	0.00000000
0.86666667	-9.30780315	2.01442736	9.32573986	-1.01950941	-0.13583758	1.00719153	0.34986038	-0.45489420	-0.61441116	0.46874350	-0.16800937	0.34273074	0.52359878	0.19654445	-0.46020406	0.25802374	0.68006338	0.24140105	-0.31034501	0.52359878	-0.48262858	-0.50639049	0.39697466	-0.50000000	0.43130666	-0.78539800	2.08764255	-2.11354466	1.00128762	1.64303721	0.00000000	0.00000000	0.00000000	-0.70032971	-0.25380541	-1.12177352	0.00000000	2.09000000	0.00000000	0.00000000
0.88333333	-8.97352752	2.09406163	9.02452130	-1.03417390	-0.12814538	1.01236519	0.19495843	-0.39746867	-0.59984939	0.47373162	-0.20132324	0.31877862	0.52359878	0.02446394	-0.50745610	0.25883682	0.67646441	0.30864462	-0.23337078	0.52359878	-0.68670618	-0.44691446	0.69344378	-0.34242189	0.55634928	-0.78539800	4.46658048	-0.77763099	5.74868810	0.00000000	0.00000000	0.00000000	0.00000000	-0.63812415	-0.35234263	-0.85184267	0.00000000	2.09000000	0.00000000	0.00000000
0.90000000	-9.30191854	2.22613958	9.29062371	-1.01843085	-0.09775491	0.99320942	0.29455816	-0.21706099	-0.73574125	0.38521796	-0.38756115	0.34906585	0.52359878	0.18414753	-0.63605592	0.34067455	0.73513455	0.41704642	-0.28502387	0.52359878	-0.57305649	-0.23286830	-0.10431490	-0.50000000	0.04581991	-0.78539800	5.23371418	-2.20668116	6.33941962	0.00000000	0.00000000	0.00000000	0.00000000	-0.57477715	-0.14164762	-1.85051949	0.00000000	2.09000000	0.00000000	0.00000000
0.91666667	-8.97137762	2.16021597	8.98791879	-1.03430713	-0.11357595	1.00792918	0.19665608	-0.28344419	-0.62009262	0.43634004	-0.30286852	0.25180638	0.52359878	-0.01991434	-0.55114638	0.25787461	0.67876212	0.32320233	-0.30982841	0.52359878	-0.66542789	-0.40567470	0.17100496	-0.50000000	0.26436567	-0.78539800	5.20621498	-1.78961607	6.39829485	0.00000000	0.00000000	0.00000000	0.00000000	-0.70828309	-0.04651528	-1.39885250	0.00000000	2.09000000	0.00000000	0.00000000
0.93333333	-8.51246513	2.15848691	8.64071448	-1.05524384	-0.12603417	1.02044484	0.03697304	-0.39853051	-0.59104962	0.51987141	-0.21485316	0.14173251	0.52359878	-0.20039838	-0.43204298	0.27850895	0.61882669	0.26668008	-0.28756328	0.52359878	-0.86863515	-0.46563645	0.22544367	-0.22348702	0.25618122	-0.55160671	5.54348218	-2.08047533	6.94969178	0.00000000	0.00000000	0.00000000	0.00000000	-0.80448565	-0.07562727	-1.24814454	0.00000000	2.09000000	0.00000000	0.00000000
0.95000000	-8.31323223	2.27571220	8.46890547	-1.06947630	-0.13050653	1.02128884	-0.07407380	-0.37154390	-0.48131157	0.59819230	-0.11968423	0.07780718	0.52359878	-0.35813832	-0.41352818	0.27493645	0.64799517	0.32484130	-0.23176335	0.52359878	-1.01143335	-0.48941455	0.45479472	0.12813795	0.21114094	-0.74436841	6.54637064	-1.92291194	7.98337834	0.00000000	0.00000000	0.00000000	0.00000000	-0.83264132	-0.19187526	-1.02203319	0.00000000	2.09000000	0.00000000	0.00000000
0.96666667	-9.37646310	2.03891774	9.32620588	-0.99576763	-0.13016344	0.99201336	0.49669323	-0.21834459	-0.44693842	0.58811871	-0.05101466	0.10186447	0.52359878	0.15586830	-0.49436346	0.21857474	0.66164684	0.44553999	-0.22553581	0.52319928	-0.36345560	-0.43737256	-0.01424393	0.50000000	0.57547242	-0.57474752	9.81622582	-2.11466878	8.75125553	1.85179848	0.01080986	0.00000000	0.00000000	-0.65131966	-0.27525646	-1.72356862	0.00000000	2.09000000	0.00000000	0.00000000
0.98333333	-9.05870274	1.95052705	9.03692168	-1.01090528	-0.14588437	1.00201189	0.46031969	-0.23926674	-0.28432906	0.66489476	0.08249693	0.11873671	0.52359878	0.06162431	-0.39381752	0.18140728	0.68030409	0.47572614	-0.10646019	0.52359878	-0.46672430	-0.58760347	0.20208060	0.50000000	0.44354848	-0.75074304	12.43523399	-1.01244704	11.24481495	1.86673855	0.01156664	0.00000000	0.00000000	-0.78486315	-0.15081581	-1.39781555	0.00000000	2.09000000	0.00000000	0.00000000
1.00000000	-9.72048415	2.07626937	9.63888762	-0.99268565	-0.13481028	0.98387514	0.69326233	-0.05892662	-0.36216079	0.59012366	-0.01893013	0.31400676	0.52359878	0.35085824	-0.51571874	0.23230013	0.71549723	0.51426916	-0.11356682	0.52359878	-0.21160363	-0.32576824	0.02829966	0.23634149	0.21245687	0.17207924	15.94185408	-2.15248953	14.76848313	2.09187245	0.04209354	0.00000000	0.00000000	-0.38293039	-0.59973591	-1.57983729	0.00000000	2.09000000	0.00000000	0.00000000
1.01666667	-9.60414122	1.94648088	9.59432412	-0.99870476	-0.13901881	0.99188120	0.70522070	-0.11902759	-0.26153362	0.72014377	0.10810264	0.23752577	0.52359878	0.28392268	-0.37953796	0.25808195	0.68748527	0.50827461	-0.16600791	0.52359878	-0.37664555	-0.47418212	0.00811286	0.26719642	0.35854339	-0.08159980	15.80298845	-2.17697273	14.52887008	2.06455306	0.06348676	0.00000000	0.00000000	0.17712732	-1.19960560	0.01659012	0.72209141	2.09000000	0.00000000	0.00000000
1.03333333	-9.60171797	1.95584201	9.62808642	-0.99639937	-0.12908173	0.99138106	0.72719823	-0.07448473	-0.24514865	0.75225503	0.11129398	0.21635360	0.52359878	0.29776190	-0.36846641	0.29416426	0.68793505	0.52546462	-0.20216514	0.52359878	-0.42283966	-0.44252662	-0.07741069	0.07787354	0.43151235	-0.06470722	15.93416282	-2.19593153	14.65724499	2.04002312	0.05398003	0.00000000	0.00000000	0.50404905	-1.18285343	-0.12395727	0.70061907	2.09000000	0.00000000	0.00000000
1.05000000	-9.02472537	2.16764614	8.57754375	-1.01347409	-0.13597166	1.04006056	0.01057844	0.25524396	-1.22173048	0.00000000	1.04719755	-0.34906585	0.52359878	-0.43115256	-0.42121108	-0.32465990	0.51783743	0.49638675	-0.21619775	0.52359878	-0.58638554	-0.52848096	0.48940145	0.08963180	0.29866465	0.00817870	16.05052345	-2.08007574	14.70094549	1.99114837	0.08474414	0.00000000	0.00000000	0.60264199	-1.03989497	-0.15838085	0.68268002	2.09000000	0.00000000	0.00000000
1.06666667	-9.36127488	1.95605717	9.46871364	-0.97957516	-0.11335322	1.00022044	0.36512701	-0.04441531	-1.22173048	0.42636518	1.04719755	-0.34906585	-0.36408825	0.17645837	-0.35894973	0.36135913	0.62897597	0.49002209	-0.23831305	0.49372544	-0.53545243	-0.36153315	-0.07526607	-0.02021858	0.31307123	0.04141541	15.94217079	-2.19294220	14.69096319	2.02622957	0.09384305	0.00000000	0.00000000	0.52690091	-1.09827058	-0.07737973	0.71322315	2.09000000	0.00000000	0.00000000
1.08333333	-9.55614558	1.88377313	9.63459892	-0.96469061	-0.11819862	0.99617138	0.63428001	-0.01897047	-0.47854268	0.67465573	0.31945864	-0.31383881	-0.52359878	0.19767908	-0.29592501	0.26107364	0.58449647	0.35873863	-0.33622841	0.52359878	-0.48182282	-0.42515224	-0.06885197	0.31992264	0.27829711	-0.04392649	15.84360143	-2.20177001	14.64232245	2.05785826	0.07878179	0.00000000	0.00000000	0.33557805	-1.09695764	-0.08464491	0.75770724	2.08420622	0.00000000	0.00000000
1.10000000	-9.56323470	1.89298737	9.60863044	-0.95574915	-0.11814335	0.99684367	0.66880780	0.07414899	-0.38214718	0.61894172	-0.20402295	-0.11533051	-0.52359878	0.15837169	-0.32134324	0.20067305	0.54297760	0.36900942	-0.26594603	0.52359878	-0.45335973	-0.39883372	0.00447958	0.06062357	0.25071553	0.02884334	15.77204913	-2.19891363	14.61954318	2.09717979	0.06821422	0.00000000	0.00000000	0.20654591	-1.05266153	-0.02001052	0.78276320	2.08223963	0.00000000	0.00000000
1.11666667	-9.68254338	1.88423685	9.71787724	-0.94482813	-0.11532871	0.99630600	0.65899222	0.12021591	-0.40850680	0.46232893	-0.43497078	-0.02693519	-0.52359878	0.17070470	-0.31573091	0.13744983	0.51911289	0.35658001	-0.14223521	0.52359878	-0.45912357	-0.39289340	0.00816318	0.31741548	0.18279954	-0.04723657	15.66725098	-2.21719262	14.51027135	2.15164321	0.12040417	0.00000000	0.00000000	0.00488595	-1.01629483	-0.10579159	0.85269566	1.89742054	0.00000000	0.00000000
1.13333333	-9.84003809	1.88427396	9.89489213	-0.93459971	-0.11122499	0.99090507	0.67274217	0.14181596	-0.44082820	0.35449138	-0.49909411	0.06453637	-0.35786967	0.22589363	-0.28632564	0.15822222	0.54711095	0.33033242	-0.14981212	0.52359878	-0.45885297	-0.37809068	-0.03590482	0.49924008	0.15741009	-0.05495792	15.58001456	-2.24404224	14.43704175	2.17763295	0.20451094	0.00000000	0.00000000	-0.16634357	-0.97448062	-0.25558533	0.92561941	1.88191448	0.00000000	0.00000000
1.15000000	-10.04688639	1.89466917	10.08553638	-0.92367314	-0.11012161	0.98263689	0.70151650	0.16933858	-0.37881775	0.28224086	-0.30254618	0.10162378	0.52359878	0.27888524	-0.25372413	0.13693381	0.56360967	0.33245181	-0.19314946	0.52359878	-0.41157444	-0.38166636	-0.08060239	0.50000000	0.17963544	-0.03091787	15.59467836	-2.25449168	14.52115182	2.19465009	0.22121232	0.00000000	0.00000000	-0.33865044	-0.93023310	-0.42701720	0.99365700	1.76686117	0.00000000	0.00000000
1.16666667	-10.62816340	2.61884676	10.65493359	-0.84988161	-0.10176640	0.91559553	1.37922204	0.19412005	-0.50054996	0.20473192	-0.18320199	0.17737943	0.52359878	0.97635539	-0.30134010	0.14987844	0.42982247	0.15230366	-0.34906585	0.52359878	1.57079633	-0.21984903	0.27656713	0.50000000	-0.31398629	0.30730818	15.72545837	-2.16897689	15.62878203	1.33310160	0.19129865	0.00000000	0.00000000	0.22050664	-0.80492180	-0.78565196	0.00000000	2.09000000	0.00000000	0.00000000
1.18333333	-10.76876996	2.85809929	10.75620211	-0.86831846	-0.11346244	0.88131236	1.65163983	0.17496137	-0.45537864	0.21427101	-0.09951547	0.17648769	0.52359878	1.26687527	-0.22457196	0.15490976	0.48468772	0.25029147	-0.30586918	0.52359878	1.49127853	-0.24774640	0.40079974	0.50000000	-0.61991255	0.23687754	14.80732815	-2.22315610	14.46671958	1.94954843	0.13754402	0.00000000	0.00000000	0.46296746	-0.76169520	-1.70803242	0.00000000	2.09000000	0.00000000	0.00000000
1.20000000	-10.89387839	2.71067026	10.85675786	-0.88323407	-0.12640157	0.88028941	1.56351183	0.16515788	-0.21733928	0.25083440	-0.09043748	0.01899419	0.52359878	1.16052410	-0.13937778	0.02499598	0.53910368	0.36325499	-0.13473342	0.52359878	1.06476546	-0.42723227	0.19192620	0.50000000	-0.17104834	-0.01773849	15.14384686	-2.22316318	14.55089195	2.09572920	0.06254836	0.00000000	0.00000000	-0.47875482	-1.08065752	-6.47021940	0.98548028	1.77290920	0.00000000	0.00000000
1.21666667	-10.43448326	1.74060849	10.40090435	-0.90096434	-0.10870426	0.96961143	0.57286774	0.15531059	-0.27833435	0.25206065	-0.12569394	0.10280747	0.52359878	0.17337990	-0.07561645	0.00792050	0.55439999	0.46344123	-0.12172031	0.52359878	-0.36123788	-0.45545135	0.14133388	0.50000000	0.02415237	-0.11645885	15.37378924	-2.25245033	14.36062515	2.13096496	0.00000000	0.00000000	0.00000000	0.70480906	-0.79328105	-9.15675708	0.00000000	2.09000000	0.00000000	0.00000000
1.23333333	-10.55689299	1.81043229	10.55050341	-0.88100243	-0.09655393	0.96292035	0.61660824	0.15968669	-0.32637338	0.25236398	-0.07515625	0.08365497	0.52359878	0.22751645	-0.06314273	0.06065582	0.55929995	0.51809861	-0.08318427	0.51798999	-0.31178839	-0.40200617	0.02887093	0.08011438	0.20840657	0.05511894	15.46731489	-2.27554110	14.51094125	2.16749522	0.00792831	0.00000000	0.00000000	-0.09954695	-0.88817007	-12.97769785	0.98226199	1.73039954	0.00000000	0.00000000
1.25000000	-10.45421231	1.84772194	10.51551277	-0.86428020	-0.07874756	0.96262802	0.61777721	0.16161609	-0.44453658	0.25752236	-0.06674426	0.05570480	0.52359878	0.23491653	-0.08065494	0.10259319	0.54030443	0.52475900	-0.03792890	0.52359878	-0.29510972	-0.27924325	0.13529436	-0.12078051	0.19409803	-0.00453841	15.14567583	-2.36618730	14.16069793	2.23637108	0.00000000	0.00000000	0.00000000	0.60113235	-0.72927728	-15.62868062	0.00000000	2.09000000	0.00000000	0.00000000
1.26666667	-10.58972589	1.83676594	10.69978314	-0.85377136	-0.07181375	0.95953495	0.62515972	0.11084402	-0.43069784	0.31214045	0.02381327	0.02430517	0.48652956	0.23361020	-0.02687301	0.12330329	0.54871807	0.55483469	-0.04137045	0.52359878	-0.32832456	-0.28199056	0.01092138	0.01582859	0.19871508	0.02088674	15.22968833	-2.35534369	14.28454943	2.22992875	0.00000000	0.00000000	0.00000000	-0.05951089	-0.83666449	-19.24489580	0.96092537	1.72948763	0.00000000	0.00000000
1.28333333	-10.56351296	1.78319605	10.68919509	-0.84256336	-0.06623739	0.96291662	0.56792690	0.10143113	-0.42338595	0.36548020	0.04218133	-0.12257846	0.52359878	0.16730650	-0.01278565	0.11636357	0.58344013	0.59814340	-0.00911381	0.52359878	-0.35168981	-0.24377376	0.12562334	0.04782922	0.11394318	-0.11943292	15.06808455	-2.41776322	14.12902395	2.22477851	0.00000000	0.00000000	0.00000000	0.62005637	-0.74029944	-21.92893185	0.00000000	2.09000000	0.00000000	0.00000000
1.30000000	-10.59084711	1.74198636	10.71098978	-0.83495509	-0.06178162	0.95509981	0.55755418	0.10182969	-0.30358424	0.43761964	0.03785509	-0.34906585	0.52359878	0.07913580	0.02883228	-0.12032132	0.94484486	0.65218530	-0.17639196	0.29236304	-0.33708326	-0.23371461	0.06148028	-0.09667270	0.14177867	-0.01678008	15.20965772	-2.29754903	14.37316928	2.12676213	0.00000000	0.00000000	0.00000000	-0.06446659	-0.87108362	-25.47940849	0.97414354	1.73364577	0.00000000	0.00000000
1.31666667	-10.57247958	1.71113442	10.69988554	-0.82769480	-0.05322367	0.95748841	0.53343430	0.07810828	-0.29761138	0.47490516	0.03485375	-0.34906585	0.52359878	0.07671904	0.02205776	-0.09495474	0.90519517	0.61197900	-0.15659576	0.29525371	-0.35504214	-0.18483881	0.17265719	0.06099016	0.04466330	-0.16003488	15.09258310	-2.21701246	14.31734876	2.06292068	0.00000000	0.00000000	0.00000000	0.63436232	-0.75648412	-28.15116778	0.00000000	2.09000000	0.00000000	0.00000000
1.33333333	-10.63006951	1.65008022	10.76895940	-0.81964996	-0.04745232	0.96259988	0.49205189	0.03522012	-0.27783554	0.51098128	0.04199537	-0.34906585	0.52359878	0.05382844	0.03133069	-0.03143686	0.81480661	0.56033038	-0.10248362	0.24845482	-0.46159180	-0.17017601	0.04135518	0.36348120	0.07929464	-0.10292097	15.33067985	-2.15068396	14.52768666	1.99147978	0.00000000	0.00000000	0.00000000	-0.18055671	-0.89273068	-31.88493960	1.03824512	1.41970581	0.00000000	0.00000000
1.35000000	-10.65146244	1.51867662	10.76207745	-0.81868768	-0.04790814	0.96980194	0.38214516	0.00765783	-0.24610717	0.55611986	0.03203873	-0.34906585	0.52359878	-0.05980596	0.05028968	-0.01648074	0.73318626	0.54555409	-0.03771255	0.17164740	-0.58095832	-0.11609410	-0.06878387	0.39358465	-0.08455392	0.18771517	15.07945417	-2.48455872	14.12569862	0.00000000	0.00000000	0.00000000	0.00000000	-0.40903438	-0.88524137	-32.08832089	0.94026184	1.31954141	0.00000000	0.00000000
1.36666667	-10.83435407	1.65683420	10.94678238	-0.79283676	-0.04043421	0.96090447	0.48724145	0.01965357	-0.25663079	0.49801468	-0.05640999	-0.34906585	0.52359878	0.07977846	0.02193900	0.00911162	0.70747700	0.44674979	0.02364654	-0.52359878	-0.40290685	-0.11559606	0.03436940	0.31174807	0.09374352	-0.03754152	15.47444241	-2.49850193	13.25984107	0.82445221	0.07861648	0.00000000	0.00000000	-0.39006029	-0.92970839	-32.07711218	0.98878285	1.24769198	0.00000000	0.00000000
1.38333333	-10.85897842	1.63659587	10.98236980	-0.78089173	-0.03388161	0.96530691	0.45423367	0.00935801	-0.27243301	0.52058886	0.01107452	-0.34906585	0.52359878	0.07936761	-0.00064492	-0.00374853	0.74538698	0.36273035	-0.05379693	-0.52359878	-0.45747760	-0.05791538	0.03080504	0.32827075	-0.01791916	0.00871007	15.17334230	-2.58599627	14.23568522	1.83950598	0.14865776	0.00000000	0.00000000	-0.45154279	-0.93716847	-32.16100630	0.99441962	1.15200615	0.00000000	0.00000000
1.40000000	-11.34565596	1.69620214	11.43827074	-0.76905872	-0.03490025	0.96461527	0.50275927	-0.02552055	-0.20849485	0.53562139	0.04361122	-0.34906585	0.52359878	0.14906580	0.03390871	-0.05783604	0.79662875	0.28932159	-0.06658197	-0.52359878	-0.40836635	-0.10191276	0.04377750	0.28592359	0.01303620	-0.00742346	15.25466084	-2.46342208	14.45572912	2.06085200	0.00000000	0.00000000	0.00000000	-0.48588416	-1.00400999	-32.21937004	0.98654435	1.06597393	0.00000000	0.00000000
1.41666667	-11.26045208	1.72738079	11.41142095	-0.75884008	-0.02525903	0.96632295	0.51787501	-0.05927972	-0.24912252	0.55020129	0.03108342	-0.34906585	0.52359878	0.23526631	0.03740327	-0.02814144	0.88559815	0.31357823	-0.09452905	-0.52359878	-0.40493832	-0.05092937	0.04507453	0.15668163	-0.01020118	-0.07832042	15.28631995	-2.37880156	14.45867949	2.05256813	0.00000000	0.00000000	0.00000000	-0.44756440	-1.05446359	-32.24722484	0.99410943	0.97761833	0.00000000	0.00000000
1.43333333	-11.50894625	1.74101681	11.64254720	-0.75615207	-0.02494899	0.96710680	0.52801993	-0.10233959	-0.23502488	0.58360426	0.03913037	-0.34906585	0.52359878	0.30324186	0.10221940	-0.01096144	0.96313376	0.51746148	-0.07490144	-0.52359878	-0.44384586	-0.05455626	0.01615113	0.26008118	0.01994930	-0.02346163	15.39974540	-2.27241420	14.55446181	2.00866768	0.00000000	0.00000000	0.00000000	-0.69490955	-1.11263138	-32.45812739	1.01387401	0.88077952	0.00000000	0.00000000
1.45000000	-11.59072987	1.76103733	11.70109240	-0.75331495	-0.02228831	0.97092406	0.51609086	-0.11656908	-0.19278599	0.56201347	0.07308260	-0.34906585	0.52359878	0.38152405	0.10580988	-0.09233388	1.01371047	0.42484306	-0.13533598	-0.45245122	-0.45247356	-0.04515582	0.02887204	0.19816663	-0.02737079	-0.02668086	15.41052447	-2.27853205	14.53589443	1.97330671	0.15058070	0.00000000	0.00000000	-0.65034761	-1.17804309	-32.47485908	0.92278174	0.78615362	0.00000000	0.00000000
1.46666667	-11.50783264	1.81903344	11.53643570	-0.75328413	-0.01907946	0.97792229	0.55497407	-0.11041528	-0.13543527	0.50049648	0.00635636	-0.28834936	0.52359878	0.50520326	0.10367424	-0.17246187	1.03354565	0.57432025	-0.15263491	0.52359878	-0.45023345	-0.04262750	0.05686915	0.20581314	-0.08590111	0.06262223	15.45178664	-2.31838451	14.51414752	1.97253450	0.00000000	0.00000000	0.00000000	-0.86347739	-1.16107604	-32.65898356	0.90166258	0.78415281	0.00000000	0.00000000
1.48333333	-11.49175194	1.79750383	11.50466438	-0.74366847	-0.02183585	0.97396880	0.51717261	-0.09657154	-0.17096335	0.48839189	0.05738929	-0.20627694	0.52359878	0.54420294	0.05819336	-0.19074298	1.08845762	0.50974913	-0.16855417	0.29958084	-0.44265823	-0.01435973	0.06384163	0.15414721	-0.06928302	0.02490704	15.49058378	-2.35996478	14.56252278	1.90923236	0.00000000	0.00000000	0.00000000	-0.94963077	-1.02110926	-32.92032572	1.10878918	0.73736352	0.00000000	0.00000000
